,A,C,G,T,N,-
0,0.5449927,0.33033526,0.10871099,0.007980494,0.007980494,0.0
1,0.7322556,0.1378877,0.11741838,0.0062191514,0.0062191514,0.0
2,0.8129383,0.135538,0.023578783,0.023393245,0.0045516924,0.0
3,0.5973105,0.27149984,0.09320922,0.033390246,0.0045901597,0.0
4,0.54237354,0.33831808,0.11025329,0.004937254,0.004117821,0.0
5,0.75897014,0.19002669,0.036746833,0.0077821733,0.0064742523,0.0
6,0.5356297,0.2648508,0.14444722,0.049235944,0.005836342,0.0
7,0.36014703,0.36978915,0.18481265,0.08077072,0.0044804197,0.0
8,0.7625827,0.113515995,0.11072081,0.0065902653,0.0065902653,0.0
9,0.41236946,0.31737164,0.004984099,0.26076737,0.004507456,0.0
10,0.19078754,0.0021898055,0.18697721,0.06448055,0.5555649,0.0
11,0.59531504,0.28011242,0.016706448,0.09115972,0.016706448,0.0
12,0.55163604,0.42944038,0.009539888,0.004691838,0.004691838,0.0
13,0.71129817,0.17060123,0.09726779,0.015852455,0.0049803387,0.0
